"Date","Time","HomeTeam","AwayTeam","FTHG","FTAG","FTR","Referee","HST","AST","HF","AF","HY","AY","HR","AR","B365H","B365D","B365A","BWH","BWD","BWA","IWH","IWD","IWA","PSH","PSD","PSA","WHH","WHD","WHA","VCH","VCD","VCA","MaxH","MaxD","MaxA","AvgH","AvgD","AvgA"
"12/09/2020","12:30","Fulham","Arsenal",0,3,"A","C Kavanagh",2,6,12,12,2,2,0,0,6,4.33,1.53,5.5,4.25,1.57,6,3.9,1.57,6.16,4.51,1.56,6.5,4.2,1.53,6.5,4.2,1.55,6.55,4.55,1.6,5.94,4.34,1.55
"12/09/2020","15:00","Crystal Palace","Southampton",1,0,"H","J Moss",3,5,14,11,2,1,0,0,3.1,3.25,2.37,3,3.2,2.45,3.15,2.95,2.4,3.32,3.29,2.4,3.2,3.2,2.35,3.2,3.2,2.4,3.36,3.36,2.5,3.18,3.22,2.39
"12/09/2020","17:30","Liverpool","Leeds",4,3,"H","M Oliver",6,3,9,6,1,0,0,0,1.28,6,9.5,1.26,6.25,10.5,1.35,5,8.5,1.31,6.25,9.92,1.27,6,10,1.3,5.75,10.5,1.35,6.5,10.75,1.3,5.96,9.68
"12/09/2020","20:00","West Ham","Newcastle",0,2,"A","S Attwell",3,2,13,7,2,2,0,0,2.15,3.4,3.4,2.15,3.4,3.4,2.15,3.15,3.4,2.18,3.61,3.5,2.15,3.5,3.4,2.15,3.4,3.6,2.24,3.7,3.6,2.15,3.48,3.42
"13/09/2020","14:00","West Brom","Leicester",0,3,"A","A Taylor",1,7,12,9,1,1,0,0,3.8,3.6,1.95,3.7,3.6,2,3.85,3.2,2,4,3.59,2,3.8,3.6,1.95,4,3.5,1.95,4,3.82,2.04,3.87,3.57,1.97
"13/09/2020","16:30","Tottenham","Everton",0,1,"A","M Atkinson",5,4,15,7,1,0,0,0,1.83,3.6,4.33,1.85,3.6,4.33,1.95,3.25,4.1,1.94,3.57,4.3,1.88,3.5,4.33,1.87,3.5,4.33,1.98,3.68,4.5,1.9,3.55,4.2
"14/09/2020","20:15","Brighton","Chelsea",1,3,"A","C Pawson",3,5,8,13,1,0,0,0,5,4.33,1.61,5,4.1,1.65,5,3.7,1.67,5.36,4.34,1.65,5.25,4,1.65,5.25,3.9,1.65,5.36,4.35,1.71,5.12,4.13,1.65
"14/09/2020","18:00","Sheffield United","Wolves",0,2,"A","M Dean",2,4,13,7,2,1,0,0,3.25,3.1,2.37,3.4,3.1,2.3,3.35,2.7,2.45,3.41,3.03,2.46,3.3,3.1,2.38,3.4,3,2.38,3.46,3.24,2.52,3.36,3,2.41
"19/09/2020","12:30","Everton","West Brom",5,2,"H","M Dean",7,4,9,11,1,0,0,1,1.5,4.2,6.5,1.55,4.2,6,1.55,4,6,1.55,4.33,6.46,1.52,4.2,6.5,1.5,4.2,7,1.59,4.5,7,1.54,4.25,6.3
"19/09/2020","15:00","Leeds","Fulham",4,3,"H","A Taylor",7,6,13,18,1,2,0,0,1.61,3.9,5.75,1.62,4,5.5,1.65,3.7,5.5,1.65,4.05,5.61,1.63,3.9,5.5,1.62,3.9,6,1.7,4.15,6,1.64,3.97,5.5
"19/09/2020","17:30","Man United","Crystal Palace",1,3,"A","M Atkinson",4,5,13,10,2,1,0,0,1.3,5.5,9.5,1.33,5.25,9.25,1.35,5,9,1.3,5.88,9.8,1.3,5.5,10,1.33,5.25,10,1.36,6.1,11,1.32,5.57,9.56
"19/09/2020","20:00","Arsenal","West Ham",2,1,"H","M Oliver",3,3,11,13,0,1,0,0,1.53,4.5,5.5,1.53,4.33,6,1.55,4.2,5.75,1.54,4.58,6.09,1.52,4.4,6,1.55,4.33,6,1.57,4.75,6.55,1.53,4.51,5.91
"20/09/2020","12:00","Southampton","Tottenham",2,5,"A","D Coote",7,6,16,18,4,3,0,0,3,3.3,2.37,3.1,3.25,2.4,3.05,3.15,2.4,3.12,3.39,2.41,3.1,3.3,2.35,3.13,3.3,2.38,3.25,3.5,2.44,3.1,3.35,2.37
"20/09/2020","14:00","Newcastle","Brighton",0,3,"A","K Friend",0,6,16,15,3,0,0,1,2.6,3.1,2.87,2.75,3.1,2.75,2.65,2.9,2.85,2.66,3.22,2.91,2.7,3.2,2.75,2.63,3.1,2.88,2.82,3.35,2.91,2.68,3.15,2.82
"20/09/2020","16:30","Chelsea","Liverpool",0,2,"A","P Tierney",3,6,10,6,0,0,1,0,3.1,3.6,2.2,3.1,3.7,2.2,3.1,3.5,2.2,3.2,3.85,2.19,3.2,3.6,2.2,3.2,3.7,2.15,3.32,3.88,2.26,3.15,3.72,2.18
"20/09/2020","19:00","Leicester","Burnley",4,2,"H","L Mason",6,5,11,13,1,2,0,0,1.61,4,5.5,1.6,4,5.75,1.63,3.7,5.75,1.63,4.13,5.79,1.62,3.9,5.8,1.6,3.9,6,1.69,4.15,6.05,1.63,3.98,5.64
"21/09/2020","18:00","Aston Villa","Sheffield United",1,0,"H","G Scott",2,1,12,13,3,1,0,1,2.7,3.1,2.75,2.7,3.2,2.7,2.7,2.95,2.75,2.77,3.22,2.78,2.7,3.2,2.7,2.7,3.13,2.8,2.81,3.4,2.85,2.71,3.19,2.75
"21/09/2020","20:15","Wolves","Man City",1,3,"A","A Marriner",1,9,6,8,0,3,0,0,6.5,4.33,1.5,6.5,4.5,1.48,5.75,4,1.57,6.27,4.35,1.56,6.5,4.2,1.53,6.5,4.33,1.5,6.55,4.55,1.59,6.11,4.35,1.54
"26/09/2020","12:30","Brighton","Man United",2,3,"A","C Kavanagh",5,3,18,16,4,2,0,0,4.75,3.75,1.72,5,3.7,1.72,4.7,3.55,1.77,5.1,3.82,1.78,5,3.7,1.73,4.8,3.75,1.73,5.3,3.92,1.81,4.83,3.75,1.75
"26/09/2020","15:00","Crystal Palace","Everton",1,2,"A","K Friend",1,5,16,15,3,1,0,0,3.75,3.25,2.1,3.8,3.3,2.05,3.65,3.1,2.15,3.72,3.44,2.17,3.7,3.25,2.1,3.75,3.25,2.1,3.9,3.44,2.2,3.69,3.32,2.12
"26/09/2020","17:30","West Brom","Chelsea",3,3,"D","J Moss",3,10,8,16,1,3,0,0,9,4.75,1.36,8.5,4.5,1.4,8,4.7,1.4,8.55,5.33,1.39,8.5,4.8,1.38,9,5,1.36,9,5.35,1.42,8.24,5.02,1.38
"26/09/2020","20:00","Burnley","Southampton",0,1,"A","A Marriner",2,1,8,10,1,0,0,0,3.2,3.3,2.3,3.2,3.3,2.3,3.3,3,2.3,3.41,3.31,2.36,3.3,3.2,2.3,3.25,3.25,2.3,3.41,3.38,2.4,3.3,3.25,2.31
"27/09/2020","12:00","Sheffield United","Leeds",0,1,"A","P Tierney",4,9,18,4,2,1,0,0,2.7,3.3,2.62,2.7,3.4,2.6,2.75,3.15,2.6,2.83,3.5,2.63,2.7,3.3,2.62,2.75,3.3,2.6,2.83,3.5,2.75,2.72,3.37,2.63
"27/09/2020","14:00","Tottenham","Newcastle",1,1,"D","P Bankes",12,1,15,9,1,4,0,0,1.45,4.5,7,1.48,4.4,6.75,1.5,4.2,6.75,1.49,4.67,7.38,1.47,4.33,7.5,1.44,4.5,7.5,1.51,4.75,7.8,1.47,4.5,6.95
"27/09/2020","16:30","Man City","Leicester",2,5,"A","M Oliver",5,7,13,8,1,3,0,0,1.28,6,9.5,1.3,6,9,1.3,5.75,9,1.31,6.19,10.09,1.27,5.8,11,1.29,5.75,10,1.32,6.35,11.5,1.29,5.93,9.68
"27/09/2020","19:00","West Ham","Wolves",4,0,"H","M Atkinson",7,2,7,11,0,1,0,0,3.6,3.5,2.05,3.8,3.4,2.05,3.8,3.15,2.1,3.87,3.5,2.1,3.7,3.4,2.05,3.7,3.2,2.15,3.87,3.56,2.15,3.74,3.38,2.07
"28/09/2020","17:45","Fulham","Aston Villa",0,3,"A","S Attwell",3,5,18,14,6,3,0,0,2.9,3.25,2.5,2.85,3.25,2.55,2.95,3.05,2.5,2.98,3.32,2.54,2.9,3.25,2.5,2.88,3.25,2.55,3,3.44,2.62,2.92,3.26,2.52
"28/09/2020","20:00","Liverpool","Arsenal",3,1,"H","C Pawson",8,3,11,7,2,2,0,0,1.45,4.75,6.5,1.5,4.75,5.75,1.5,4.4,6,1.5,4.76,6.53,1.47,4.6,6.5,1.45,4.6,6.5,1.54,5,6.95,1.49,4.68,6.3
"03/10/2020","12:30","Chelsea","Crystal Palace",4,0,"H","M Oliver",6,0,17,13,2,0,0,0,1.4,4.75,8,1.42,4.75,7.5,1.47,4.5,6.75,1.43,4.86,7.79,1.42,4.6,8,1.4,4.75,8,1.47,5,8,1.43,4.77,7.39
"03/10/2020","15:00","Everton","Brighton",4,2,"H","S Hooper",6,3,13,14,0,1,0,0,1.72,3.75,4.8,1.75,3.6,5,1.73,3.75,5,1.78,3.82,4.82,1.75,3.6,5,1.73,3.8,4.8,1.81,3.85,5.1,1.76,3.73,4.79
"03/10/2020","17:30","Leeds","Man City",1,1,"D","M Dean",7,2,11,12,2,1,0,0,7.5,5.25,1.36,7,5.25,1.4,7,5,1.4,7.98,5.31,1.37,8,5,1.38,7.5,5.5,1.36,8.4,5.7,1.42,7.45,5.34,1.38
"03/10/2020","20:00","Newcastle","Burnley",3,1,"H","D Coote",5,3,13,17,2,3,0,0,2.4,3.2,3.1,2.45,3.1,3.1,2.5,2.95,3.05,2.51,3.2,3.12,2.45,3.1,3.1,2.4,3.13,3.2,2.55,3.28,3.2,2.47,3.15,3.08
"04/10/2020","12:00","Leicester","West Ham",0,3,"A","A Madley",0,6,11,8,2,2,0,0,1.61,4.2,5.25,1.65,4.1,5,1.73,3.8,4.6,1.7,4.16,4.94,1.7,4,4.8,1.65,4.1,5,1.73,4.3,5.25,1.68,4.12,4.86
"04/10/2020","12:00","Southampton","West Brom",2,0,"H","C Kavanagh",7,2,19,10,2,1,0,0,1.72,3.8,4.75,1.72,3.9,4.75,1.77,3.6,4.5,1.78,3.91,4.71,1.75,3.8,4.6,1.73,3.8,4.75,1.82,4.02,4.8,1.76,3.86,4.58
"04/10/2020","14:00","Arsenal","Sheffield United",2,1,"H","L Mason",5,2,3,9,0,1,0,0,1.57,4,6,1.55,4.1,6.25,1.6,3.8,6,1.56,4.17,6.73,1.55,4,6.5,1.55,4,6.5,1.6,4.3,6.75,1.56,4.09,6.25
"04/10/2020","14:00","Wolves","Fulham",1,0,"H","D England",5,2,15,8,1,1,0,0,1.5,4,7.5,1.5,4,7.25,1.53,3.8,7,1.51,4.2,7.63,1.52,3.9,7.5,1.5,4,7.5,1.56,4.28,7.78,1.51,4.07,7.19
"04/10/2020","16:30","Man United","Tottenham",1,6,"A","A Taylor",2,8,14,10,2,1,1,0,1.85,3.8,4,1.91,3.7,3.9,1.95,3.45,3.95,1.93,3.76,4.09,1.91,3.7,3.9,1.9,3.6,4.1,1.97,3.96,4.15,1.92,3.71,3.97
"04/10/2020","19:15","Aston Villa","Liverpool",7,2,"H","M Atkinson",11,8,7,10,2,1,0,0,10,5.5,1.3,9.75,5.5,1.3,8.25,5,1.35,10.05,5.4,1.33,9,5.25,1.33,10,5.5,1.3,10.25,5.7,1.38,9.35,5.41,1.33
"17/10/2020","12:30","Everton","Liverpool",2,2,"D","M Oliver",5,8,15,9,3,2,1,0,3.75,4.2,1.83,3.8,4.1,1.83,3.9,3.8,1.83,4.04,4.2,1.87,4,3.9,1.83,3.75,4,1.87,4.15,4.21,1.91,3.91,4.08,1.85
"17/10/2020","15:00","Chelsea","Southampton",3,3,"D","P Bankes",5,6,11,9,1,1,0,0,1.45,4.75,6.5,1.5,4.6,6,1.57,4.2,5.75,1.56,4.53,6.14,1.53,4.33,6,1.5,4.5,6,1.58,4.8,6.5,1.53,4.56,5.92
"17/10/2020","17:30","Man City","Arsenal",1,0,"H","C Kavanagh",5,3,15,10,4,1,0,0,1.44,5,6.5,1.48,4.75,6,1.5,4.5,5.75,1.51,4.87,6.36,1.47,4.75,6,1.5,4.75,6,1.53,5.1,6.55,1.49,4.85,6.09
"17/10/2020","20:00","Newcastle","Man United",1,4,"A","C Pawson",4,14,9,12,1,1,0,0,4.75,4,1.66,4.75,4.2,1.65,4.7,3.75,1.73,4.87,4.18,1.74,4.75,4,1.7,5,3.9,1.67,5,4.3,1.76,4.78,4.08,1.7
"18/10/2020","12:00","Sheffield United","Fulham",1,1,"D","A Marriner",6,6,5,9,0,2,0,0,2.1,3.3,3.7,2.05,3.4,3.7,2.15,3.1,3.7,2.15,3.4,3.84,2.1,3.25,3.75,2.05,3.25,3.9,2.17,3.45,3.95,2.11,3.32,3.74
"18/10/2020","14:00","Crystal Palace","Brighton",1,1,"D","S Attwell",1,3,13,12,3,2,0,1,2.62,3.3,2.7,2.6,3.3,2.75,2.65,3,2.8,2.73,3.34,2.83,2.62,3.25,2.75,2.7,3.13,2.75,2.8,3.42,2.88,2.68,3.25,2.76
"18/10/2020","16:30","Tottenham","West Ham",3,3,"D","P Tierney",6,4,13,12,0,5,0,0,1.57,4.33,5.5,1.57,4.25,5.5,1.63,3.95,5,1.64,4.21,5.63,1.62,4,5.5,1.6,4.2,5.25,1.67,4.35,5.75,1.62,4.19,5.34
"18/10/2020","19:15","Leicester","Aston Villa",0,1,"A","J Moss",5,4,18,18,4,3,0,0,1.83,3.8,4.1,1.83,3.9,4,1.9,3.6,3.85,1.93,3.89,4.1,1.88,3.7,4,1.85,3.8,4,1.96,4,4.23,1.89,3.82,3.97
"19/10/2020","17:30","West Brom","Burnley",0,0,"D","A Taylor",6,4,15,17,2,2,0,0,2.45,3.3,2.9,2.45,3.3,2.95,2.5,3.05,2.95,2.54,3.37,3.05,2.45,3.3,3,2.45,3.2,3,2.58,3.5,3.1,2.49,3.3,2.97
"19/10/2020","20:00","Leeds","Wolves",0,1,"A","D Coote",2,3,13,12,2,1,0,0,2.5,3.3,2.87,2.5,3.2,3,2.5,3,2.95,2.55,3.31,3.07,2.45,3.25,3,2.5,3.25,2.9,2.58,3.44,3.1,2.5,3.26,2.97
"23/10/2020","20:00","Aston Villa","Leeds",0,3,"A","P Tierney",4,9,14,17,2,2,0,0,2.05,3.75,3.3,2.15,3.6,3.25,2.1,3.5,3.3,2.13,3.83,3.44,2.1,3.7,3.3,2.1,3.7,3.3,2.16,3.9,3.47,2.11,3.75,3.33
"24/10/2020","12:30","West Ham","Man City",1,1,"D","A Taylor",2,7,14,6,2,0,0,0,8,5.25,1.36,7.25,5,1.4,6.5,4.8,1.43,7.51,5.3,1.42,7.5,5,1.4,7.5,5,1.4,8,5.55,1.44,7.2,5.16,1.41
"24/10/2020","15:00","Fulham","Crystal Palace",1,2,"A","G Scott",3,10,11,11,0,1,1,0,2.75,3.1,2.7,2.7,3.1,2.8,2.75,2.95,2.75,2.8,3.21,2.86,2.7,3.2,2.75,2.75,3.13,2.75,2.83,3.34,2.86,2.74,3.14,2.77
"24/10/2020","17:30","Man United","Chelsea",0,0,"D","M Atkinson",4,1,8,6,3,1,0,0,2.37,3.6,2.8,2.35,3.6,2.9,2.4,3.35,2.9,2.45,3.65,2.97,2.35,3.6,2.88,2.4,3.6,2.8,2.45,3.84,3.02,2.38,3.59,2.9
"24/10/2020","20:00","Liverpool","Sheffield United",2,1,"H","M Dean",5,2,7,15,0,3,0,0,1.22,6.5,12,1.25,6.25,11.5,1.27,6,11,1.25,6.66,12.96,1.25,6,12,1.25,6,13,1.29,6.75,13,1.25,6.36,11.55
"25/10/2020","14:00","Southampton","Everton",2,0,"H","K Friend",6,2,11,11,1,2,0,1,2.75,3.4,2.55,2.8,3.5,2.45,2.75,3.25,2.55,2.84,3.58,2.58,2.75,3.4,2.55,2.75,3.5,2.5,2.88,3.58,2.62,2.78,3.47,2.54
"25/10/2020","16:30","Wolves","Newcastle",1,1,"D","L Mason",3,2,10,10,0,1,0,0,1.75,3.5,5.25,1.75,3.5,5.25,1.8,3.3,5,1.79,3.59,5.48,1.75,3.5,5.25,1.75,3.5,5.25,1.85,3.64,5.52,1.78,3.49,5.16
"25/10/2020","19:15","Arsenal","Leicester",0,1,"A","C Pawson",4,2,13,9,3,5,0,0,1.9,3.75,3.8,1.91,3.8,3.8,1.95,3.5,3.85,1.95,3.83,4.06,1.91,3.7,3.9,1.91,3.7,3.9,1.98,3.9,4.1,1.93,3.74,3.92
"26/10/2020","17:30","Brighton","West Brom",1,1,"D","J Moss",3,3,14,7,2,0,0,0,1.7,4,4.75,1.75,3.9,4.5,1.75,3.6,4.6,1.78,4.08,4.7,1.75,3.8,4.6,1.73,3.8,4.8,1.8,4.15,4.8,1.75,3.93,4.61
"26/10/2020","20:00","Burnley","Tottenham",0,1,"A","M Oliver",4,3,9,7,2,0,0,0,5.75,4,1.6,5.5,4,1.62,5.5,3.75,1.65,5.63,4.15,1.66,5.8,3.9,1.6,6,3.9,1.6,6,4.22,1.68,5.49,4.02,1.63
"30/10/2020","20:00","Wolves","Crystal Palace",2,0,"H","M Atkinson",5,2,13,4,0,2,0,1,2,3.2,4.33,2.05,3.1,4.2,2.1,3.2,3.95,2.07,3.21,4.41,2.05,3,4.33,2.05,3.1,4.2,2.1,3.21,4.53,2.05,3.13,4.27
"31/10/2020","12:30","Sheffield United","Man City",0,1,"A","M Oliver",1,8,14,6,0,0,0,0,9.5,6,1.28,9.5,5.75,1.3,8.75,5.25,1.33,9.8,5.91,1.33,9.5,5.5,1.32,10,5.75,1.29,10.5,6.1,1.35,9.43,5.76,1.31
"31/10/2020","15:00","Burnley","Chelsea",0,3,"A","D Coote",0,9,10,15,1,0,0,0,6,4.5,1.5,6.25,4.5,1.5,5.75,4.1,1.57,6.32,4.39,1.56,6,4.33,1.53,6.5,4.33,1.5,6.5,4.69,1.59,6.05,4.37,1.54
"31/10/2020","17:30","Liverpool","West Ham",2,1,"H","K Friend",5,3,13,14,0,1,0,0,1.36,5.25,7.5,1.36,5.25,7.75,1.43,5,6.5,1.4,5.32,8.03,1.38,5,8,1.36,5.25,7.5,1.43,5.6,8.1,1.39,5.26,7.43
"01/11/2020","12:00","Aston Villa","Southampton",3,4,"A","D England",10,4,12,17,1,2,0,0,2.45,3.5,2.8,2.35,3.6,2.85,2.5,3.35,2.75,2.53,3.72,2.81,2.5,3.5,2.75,2.4,3.6,2.8,2.6,3.84,2.85,2.46,3.6,2.78
"01/11/2020","14:00","Newcastle","Everton",2,1,"H","S Attwell",4,4,9,10,2,4,0,0,3.7,3.4,2.05,3.75,3.4,2.05,3.55,3.3,2.1,3.82,3.56,2.09,3.7,3.4,2.05,3.5,3.5,2.05,4,3.59,2.15,3.71,3.47,2.06
"01/11/2020","16:30","Man United","Arsenal",0,1,"A","M Dean",2,2,12,12,3,3,0,0,2,3.6,3.6,2,3.7,3.6,2.05,3.45,3.55,2.05,3.78,3.73,2.05,3.6,3.6,2.05,3.6,3.5,2.1,3.85,3.76,2.04,3.66,3.58
"01/11/2020","19:15","Tottenham","Brighton",2,1,"H","G Scott",3,2,14,13,2,1,0,0,1.61,4,5.5,1.62,4.25,5,1.65,3.9,5,1.65,4.26,5.54,1.63,4,5.25,1.62,4.2,5.25,1.67,4.3,5.75,1.63,4.17,5.29
"02/11/2020","17:30","Fulham","West Brom",2,0,"H","S Hooper",6,1,13,11,3,2,0,0,2.4,3.3,3,2.4,3.3,3,2.45,3.1,3,2.47,3.4,3.13,2.4,3.3,3,2.45,3.25,3,2.56,3.5,3.17,2.44,3.32,3.01
"02/11/2020","20:00","Leeds","Leicester",1,4,"A","A Marriner",4,8,9,5,1,1,0,0,2.5,3.6,2.62,2.6,3.6,2.6,2.55,3.3,2.7,2.59,3.65,2.79,2.55,3.5,2.7,2.63,3.5,2.63,2.66,3.72,2.82,2.56,3.56,2.68
"06/11/2020","17:30","Brighton","Burnley",0,0,"D","M Dean",3,1,11,5,1,0,0,0,1.85,3.5,4.33,1.9,3.5,4.25,1.9,3.5,4.3,1.93,3.51,4.63,1.88,3.4,4.4,1.83,3.5,4.6,1.94,3.65,4.71,1.9,3.48,4.42
"06/11/2020","20:00","Southampton","Newcastle",2,0,"H","P Bankes",8,2,12,11,1,2,0,0,2,3.6,3.7,2,3.5,3.75,2.05,3.6,3.5,2.08,3.62,3.8,2,3.6,3.7,2,3.6,3.7,2.1,3.76,3.84,2.04,3.58,3.7
"07/11/2020","12:30","Everton","Man United",1,3,"A","P Tierney",1,5,12,19,4,2,0,0,2.9,3.5,2.37,2.85,3.5,2.4,2.9,3.3,2.4,2.98,3.65,2.44,2.9,3.5,2.4,2.9,3.5,2.38,3.04,3.65,2.51,2.91,3.52,2.42
"07/11/2020","15:00","Crystal Palace","Leeds",4,1,"H","C Kavanagh",6,3,9,1,0,2,0,0,2.87,3.4,2.45,2.9,3.4,2.45,2.9,3.15,2.5,2.99,3.48,2.52,2.9,3.3,2.5,3,3.3,2.45,3.01,3.49,2.58,2.92,3.37,2.47
"07/11/2020","17:30","Chelsea","Sheffield United",4,1,"H","J Moss",9,3,5,14,0,2,0,0,1.36,5,8.5,1.4,4.75,7.75,1.4,4.9,8.25,1.41,5.06,8.48,1.38,4.75,8.5,1.36,4.8,9,1.44,5.2,9,1.39,4.93,8.23
"07/11/2020","20:00","West Ham","Fulham",1,0,"H","R Jones",7,3,10,9,2,2,0,0,1.83,3.75,4.2,1.85,3.75,4.1,1.83,3.55,4.3,1.85,3.98,4.34,1.8,3.75,4.33,1.8,3.7,4.5,1.88,4,4.5,1.83,3.82,4.23
"08/11/2020","12:00","West Brom","Tottenham",0,1,"A","A Madley",2,5,17,12,1,0,0,0,7,4.33,1.45,6,4.2,1.55,6.25,4.3,1.53,6.58,4.45,1.54,6.5,4.33,1.5,7,4.4,1.5,7,4.58,1.56,6.38,4.38,1.52
"08/11/2020","14:00","Leicester","Wolves",1,0,"H","A Taylor",3,2,12,8,2,3,0,0,2.3,3.2,3.25,2.25,3.2,3.4,2.4,2.9,3.25,2.47,3.17,3.35,2.38,3.2,3.2,2.38,3.13,3.25,2.5,3.34,3.45,2.38,3.14,3.28
"08/11/2020","16:30","Man City","Liverpool",1,1,"D","C Pawson",2,3,19,11,3,1,0,0,1.95,4.2,3.4,1.95,4,3.5,2,3.8,3.4,2,4.2,3.56,2,3.9,3.4,2,3.9,3.4,2.05,4.33,3.59,1.99,4.03,3.42
"08/11/2020","19:15","Arsenal","Aston Villa",0,3,"A","M Atkinson",2,6,11,13,0,0,0,0,1.65,4.1,5,1.7,4,4.75,1.73,3.75,4.7,1.7,4.11,5.27,1.7,3.8,5,1.67,4,5,1.75,4.2,5.27,1.7,3.97,4.92
"21/11/2020","12:30","Newcastle","Chelsea",0,2,"A","C Pawson",1,3,11,12,2,0,0,0,6.5,4.75,1.45,6,4.6,1.5,5.75,4.6,1.5,6.74,4.61,1.52,6.5,4.33,1.5,7,4.5,1.45,7,4.75,1.54,6.39,4.54,1.5
"21/11/2020","15:00","Aston Villa","Brighton",1,2,"A","M Oliver",4,3,5,18,2,1,0,1,2.15,3.6,3.2,2.15,3.6,3.25,2.2,3.6,3.05,2.24,3.69,3.28,2.2,3.6,3.2,2.15,3.5,3.3,2.27,3.78,3.34,2.19,3.61,3.21
"21/11/2020","17:30","Tottenham","Man City",2,0,"H","M Dean",2,5,13,19,2,2,0,0,4,4,1.8,4.1,3.8,1.83,3.95,4,1.8,4.24,4.21,1.82,4.2,3.9,1.8,4.2,3.9,1.8,4.35,4.21,1.88,4.1,4.03,1.81
"21/11/2020","20:00","Man United","West Brom",1,0,"H","D Coote",7,2,12,17,1,1,0,0,1.3,5.5,9.5,1.3,5.5,9.75,1.35,5.5,7.5,1.34,5.5,10.03,1.32,5.25,9.5,1.33,5,10,1.38,5.75,10.5,1.34,5.34,9.21
"22/11/2020","12:00","Fulham","Everton",2,3,"A","A Madley",6,7,14,10,2,0,0,0,3.9,3.9,1.85,4,3.8,1.85,3.7,3.75,1.9,4.06,3.86,1.93,4,3.7,1.88,4.1,3.7,1.87,4.12,3.96,1.96,3.93,3.79,1.9
"22/11/2020","14:00","Sheffield United","West Ham",0,1,"A","M Atkinson",5,3,7,6,0,0,0,0,3,3.25,2.4,3,3.3,2.4,3.05,3,2.45,3.2,3.3,2.48,3,3.3,2.4,3,3.2,2.45,3.2,3.46,2.53,3.06,3.26,2.43
"22/11/2020","16:30","Leeds","Arsenal",0,0,"D","A Taylor",4,2,9,8,3,0,0,1,3,3.75,2.2,3.1,3.75,2.15,3.05,3.65,2.2,3.18,3.84,2.25,3.2,3.6,2.2,3.13,3.6,2.2,3.28,3.84,2.3,3.13,3.7,2.21
"22/11/2020","19:15","Liverpool","Leicester",3,0,"H","C Kavanagh",13,4,15,6,0,2,0,0,1.85,4,3.8,1.91,3.8,3.75,1.9,3.8,3.75,1.88,4.08,3.84,1.88,3.8,3.9,1.9,3.8,3.9,1.99,4.15,4.1,1.9,3.92,3.82
"23/11/2020","17:30","Burnley","Crystal Palace",1,0,"H","K Friend",4,5,13,9,2,0,0,0,2.75,3.1,2.75,2.75,3.1,2.75,2.8,2.8,2.8,2.89,3.06,2.89,2.7,3.1,2.8,2.75,3.1,2.75,2.9,3.24,2.95,2.79,3.06,2.8
"23/11/2020","20:00","Wolves","Southampton",1,1,"D","A Marriner",9,2,14,13,2,0,0,0,2.3,3.25,3.25,2.3,3.25,3.2,2.3,3,3.25,2.34,3.34,3.41,2.35,3.2,3.25,2.38,3.2,3.2,2.38,3.42,3.5,2.32,3.25,3.27
"27/11/2020","20:00","Crystal Palace","Newcastle",0,2,"A","G Scott",3,7,9,10,2,2,0,0,2.05,3.25,3.75,2.15,3.2,3.7,2.15,3.2,3.55,2.18,3.3,3.84,2.15,3.1,3.75,2.15,3.13,3.8,2.23,3.3,3.9,2.15,3.21,3.74
"28/11/2020","12:30","Brighton","Liverpool",1,1,"D","S Attwell",3,2,9,13,2,1,0,0,5.5,4.2,1.57,5.5,4,1.62,4.9,4.1,1.63,5.42,4.25,1.65,5.5,4,1.62,5.5,4.33,1.57,5.75,4.4,1.68,5.32,4.19,1.62
"28/11/2020","15:00","Man City","Burnley",5,0,"H","L Mason",6,1,12,4,0,0,0,0,1.16,7.5,16,1.18,7.5,15,1.17,7.5,14,1.18,8.3,14.98,1.17,7.5,17,1.14,8,19,1.19,8.5,21,1.17,7.84,16.81
"28/11/2020","17:30","Everton","Leeds",0,1,"A","C Kavanagh",8,7,8,14,1,2,0,0,1.95,3.8,3.6,1.95,3.7,3.7,2,3.75,3.4,2.07,3.76,3.64,2.05,3.6,3.5,2,3.7,3.6,2.1,3.99,3.77,2.02,3.72,3.57
"28/11/2020","20:00","West Brom","Sheffield United",1,0,"H","M Dean",6,5,10,9,2,3,0,0,2.6,3.2,2.8,2.55,3.1,2.95,2.55,3.2,2.8,2.66,3.22,2.99,2.6,3.2,2.8,2.6,3.13,2.9,2.72,3.34,3.03,2.6,3.17,2.9
"29/11/2020","14:00","Southampton","Man United",2,3,"A","J Moss",5,6,12,12,1,0,0,0,4,3.5,1.95,3.8,3.6,1.95,3.65,3.5,2,3.94,3.66,2.02,3.9,3.4,2,3.75,3.5,2,4.06,3.68,2.07,3.8,3.57,2
"29/11/2020","16:30","Chelsea","Tottenham",0,0,"D","P Tierney",3,1,20,9,4,2,0,0,2.05,3.5,3.6,2.1,3.5,3.5,2.1,3.5,3.35,2.14,3.51,3.69,2.1,3.5,3.5,2.05,3.6,3.5,2.19,3.83,3.69,2.1,3.52,3.53
"29/11/2020","19:15","Arsenal","Wolves",1,2,"A","M Oliver",2,5,13,13,3,4,0,0,2.05,3.4,3.75,2.05,3.4,3.8,2.1,3.25,3.6,2.18,3.33,3.81,2.1,3.25,3.7,2.15,3.13,3.75,2.22,3.45,3.81,2.13,3.28,3.72
"30/11/2020","17:30","Leicester","Fulham",1,2,"A","S Hooper",3,5,9,21,0,2,0,0,1.5,4.33,6.5,1.53,4.1,6.5,1.53,4.3,6,1.54,4.53,6.44,1.52,4.2,6.5,1.5,4.33,6.5,1.58,4.53,6.55,1.54,4.35,6.15
"30/11/2020","20:00","West Ham","Aston Villa",2,1,"H","P Bankes",2,6,20,7,1,1,0,0,2.25,3.6,3,2.25,3.5,3.1,2.3,3.5,2.95,2.36,3.64,3.09,2.3,3.5,3,2.3,3.5,3,2.38,3.8,3.1,2.32,3.57,3.01
"05/12/2020","12:30","Burnley","Everton",1,1,"D","A Taylor",3,6,6,9,0,0,0,0,4,3.5,1.9,4.1,3.5,1.91,4.1,3.4,1.95,4.14,3.58,1.99,4,3.5,1.95,4.1,3.5,1.93,4.2,3.64,2.04,4.02,3.5,1.97
"05/12/2020","15:00","Man City","Fulham",2,0,"H","J Moss",6,1,7,6,0,0,0,0,1.1,11,19,1.11,10,21,1.12,9,18,1.13,10.23,23.63,1.11,9,23,1.1,10,26,1.15,11,26,1.12,9.74,21.84
"05/12/2020","17:30","West Ham","Man United",1,3,"A","A Marriner",6,6,9,10,0,0,0,0,3.6,3.6,2,3.6,3.5,2.05,3.7,3.45,2,3.75,3.69,2.06,3.6,3.4,2.1,3.6,3.6,2,3.76,3.86,2.12,3.62,3.57,2.05
"05/12/2020","20:00","Chelsea","Leeds",3,1,"H","K Friend",11,3,12,9,0,2,0,0,1.5,4.5,6,1.53,4.4,5.75,1.55,4.4,5.5,1.56,4.54,6.19,1.53,4.33,6,1.5,4.6,6,1.58,4.74,6.2,1.54,4.5,5.82
"06/12/2020","12:00","West Brom","Crystal Palace",1,5,"A","P Tierney",4,6,10,16,2,2,1,0,2.87,3.2,2.55,2.8,3.2,2.6,2.85,3.1,2.55,2.98,3.3,2.61,2.88,3.2,2.55,2.88,3.13,2.6,3.02,3.34,2.65,2.9,3.21,2.58
"06/12/2020","14:15","Sheffield United","Leicester",1,2,"A","S Attwell",1,4,13,6,1,3,0,0,3.8,3.5,1.95,3.8,3.5,2,4,3.5,1.9,4.02,3.54,2.04,3.8,3.5,2,3.9,3.4,2,4.02,3.68,2.08,3.86,3.49,2.01
"06/12/2020","16:30","Tottenham","Arsenal",2,0,"H","M Atkinson",3,2,16,12,1,2,0,0,1.95,3.6,3.8,1.95,3.6,3.8,2,3.5,3.7,2.07,3.56,3.87,2,3.5,3.8,1.95,3.5,3.9,2.1,3.7,4,2.01,3.54,3.79
"06/12/2020","19:15","Liverpool","Wolves",4,0,"H","C Pawson",6,3,8,14,1,1,0,0,1.5,4.33,6.5,1.5,4.2,7,1.55,4,6.25,1.54,4.25,7.17,1.5,4.2,7,1.5,4.33,6.5,1.57,4.48,7.17,1.52,4.25,6.59
"07/12/2020","20:00","Brighton","Southampton",1,2,"A","D Coote",4,3,12,12,3,3,0,0,2.45,3.4,2.9,2.55,3.4,2.75,2.65,3.25,2.7,2.56,3.46,2.93,2.5,3.3,2.88,2.5,3.3,2.88,2.65,3.58,2.96,2.52,3.36,2.86
"11/12/2020","20:00","Leeds","West Ham",1,2,"A","M Oliver",7,8,12,10,1,2,0,0,2.15,3.7,3.1,2.2,3.6,3.1,2.15,3.6,3.15,2.22,3.71,3.3,2.2,3.5,3.25,2.15,3.75,3.13,2.25,3.8,3.35,2.18,3.67,3.2
"12/12/2020","12:30","Wolves","Aston Villa",0,1,"A","M Dean",7,2,23,15,2,5,0,0,2.25,3.25,3.25,2.35,3.3,3.1,2.35,3.05,3.15,2.4,3.32,3.28,2.35,3.2,3.2,2.3,3.3,3.2,2.44,3.43,3.32,2.34,3.27,3.21
"12/12/2020","15:00","Newcastle","West Brom",2,1,"H","D England",7,3,9,12,2,3,0,0,2.45,3.2,3,2.45,3.2,3,2.4,3.05,2.95,2.62,3.32,2.95,2.5,3.25,2.9,2.45,3.2,3,2.63,3.42,3.33,2.51,3.25,2.95
"12/12/2020","17:30","Man United","Man City",0,0,"D","C Kavanagh",2,2,13,6,1,1,0,0,4.33,4.2,1.72,4.2,4.2,1.75,4.4,3.85,1.73,4.49,4.32,1.75,4.5,4,1.73,4.75,4,1.7,4.75,4.35,1.79,4.39,4.16,1.74
"12/12/2020","20:00","Everton","Chelsea",1,0,"H","J Moss",4,3,10,11,2,3,0,0,4.33,4.2,1.7,4.25,4.1,1.75,4.4,3.8,1.73,4.52,4.28,1.76,4.33,4,1.75,4.5,4,1.73,4.57,4.4,1.8,4.36,4.12,1.75
"13/12/2020","12:00","Southampton","Sheffield United",3,0,"H","A Madley",6,0,8,14,0,1,0,0,1.7,3.75,5,1.7,3.8,5,1.73,3.5,4.9,1.73,4.01,5.07,1.7,3.8,5,1.7,3.7,5.25,1.76,4.01,5.25,1.72,3.83,4.95
"13/12/2020","14:15","Crystal Palace","Tottenham",1,1,"D","K Friend",5,6,15,11,1,1,0,0,4.5,3.9,1.72,4.75,3.7,1.75,4.6,3.5,1.77,4.92,3.83,1.79,4.75,3.7,1.75,4.8,3.7,1.75,4.92,3.94,1.82,4.71,3.75,1.76
"13/12/2020","16:30","Fulham","Liverpool",1,1,"D","A Marriner",5,6,9,5,3,1,0,0,9,5.5,1.3,8.5,5.5,1.33,8,5.25,1.33,8.67,5.98,1.34,8.5,5.5,1.33,8,5.25,1.36,9.3,6,1.37,8.44,5.66,1.34
"13/12/2020","19:15","Arsenal","Burnley",0,1,"A","G Scott",6,2,5,11,2,1,1,0,1.53,4.2,6.25,1.55,4.1,6.25,1.55,3.95,6.5,1.54,4.33,6.84,1.53,4.2,6.5,1.53,4.1,6.5,1.58,4.48,7,1.54,4.22,6.42
"13/12/2020","19:15","Leicester","Brighton",3,0,"H","M Atkinson",6,4,9,11,2,1,0,0,2,3.5,3.8,2,3.4,3.9,2,3.45,3.75,2.06,3.56,3.91,2,3.5,3.75,2,3.5,3.8,2.11,3.72,3.93,2.03,3.49,3.76
"15/12/2020","18:00","Wolves","Chelsea",2,1,"H","S Attwell",4,3,12,12,2,2,0,0,5.25,3.8,1.66,5,3.8,1.7,5.5,3.5,1.7,5.59,3.9,1.7,5.5,3.7,1.67,5.75,3.7,1.65,5.8,4.05,1.74,5.44,3.79,1.68
"15/12/2020","20:00","Man City","West Brom",1,1,"D","P Bankes",7,1,5,8,2,3,0,0,1.09,11,21,1.1,10.5,23,1.1,9.5,24,1.11,9.75,23.03,1.11,9,26,1.08,11,29,1.16,11.75,29,1.12,9.96,22.77
"16/12/2020","18:00","Arsenal","Southampton",1,1,"D","P Tierney",4,3,13,13,1,3,1,0,2.25,3.5,3.1,2.2,3.5,3.2,2.25,3.25,3.15,2.27,3.55,3.32,2.25,3.4,3.2,2.2,3.5,3.2,2.33,3.68,3.32,2.25,3.47,3.19
"16/12/2020","18:00","Leeds","Newcastle",5,2,"H","S Hooper",10,4,10,13,3,1,0,0,1.75,4,4.33,1.75,3.8,4.6,1.77,3.6,4.4,1.78,4.07,4.6,1.75,3.8,4.6,1.75,3.8,4.5,1.83,4.1,4.7,1.76,3.89,4.49
"16/12/2020","18:00","Leicester","Everton",0,2,"A","L Mason",2,6,12,9,2,3,0,0,2.15,3.6,3.25,2.2,3.6,3.1,2.2,3.3,3.2,2.23,3.62,3.37,2.2,3.5,3.2,2.2,3.6,3.13,2.26,3.78,3.37,2.2,3.55,3.22
"16/12/2020","20:00","Fulham","Brighton",0,0,"D","R Jones",4,4,15,11,1,0,0,0,2.87,3.3,2.5,2.9,3.3,2.5,2.9,3.05,2.5,3,3.4,2.53,2.9,3.25,2.5,2.9,3.3,2.5,3.06,3.45,2.64,2.9,3.28,2.51
"16/12/2020","20:00","Liverpool","Tottenham",2,1,"H","A Taylor",11,2,8,9,0,2,0,0,1.75,3.8,4.5,1.78,3.75,4.5,1.8,3.65,4.3,1.81,3.9,4.64,1.78,3.75,4.5,1.75,3.9,4.4,1.85,4.03,4.72,1.79,3.84,4.44
"16/12/2020","20:00","West Ham","Crystal Palace",1,1,"D","D Coote",2,2,8,12,0,1,0,1,2.05,3.4,3.6,2.05,3.3,3.8,2.1,3.2,3.6,2.09,3.54,3.82,2.1,3.4,3.6,2.1,3.4,3.6,2.18,3.6,3.82,2.1,3.4,3.64
"17/12/2020","18:00","Aston Villa","Burnley",0,0,"D","C Pawson",7,4,17,19,1,1,0,0,1.75,3.8,4.5,1.7,4,4.75,1.73,3.6,4.7,1.76,3.93,4.95,1.73,3.75,4.8,1.73,3.75,4.8,1.79,4.04,4.95,1.74,3.84,4.73
"17/12/2020","20:00","Sheffield United","Man United",2,3,"A","M Oliver",6,8,17,8,3,2,0,0,7,4.6,1.44,6.5,4.5,1.48,7.75,4.8,1.4,7.35,4.78,1.47,7.5,4.4,1.44,7.5,4.4,1.44,7.75,4.8,1.5,7.14,4.54,1.46
"19/12/2020","12:30","Crystal Palace","Liverpool",0,7,"A","J Moss",3,8,5,11,1,0,0,0,6.5,4.33,1.5,6,4.6,1.5,6,4.2,1.53,6.52,4.53,1.53,6.5,4.4,1.5,6.5,4.33,1.5,6.52,4.74,1.57,6.2,4.45,1.52
"19/12/2020","15:00","Southampton","Man City",0,1,"A","M Dean",3,5,9,11,2,2,0,0,7,4.5,1.44,6.25,4.6,1.48,6.25,4.4,1.5,6.56,4.72,1.51,6.5,4.6,1.47,7,4.6,1.45,7,4.95,1.53,6.48,4.63,1.48
"19/12/2020","17:30","Everton","Arsenal",2,1,"H","A Marriner",2,2,9,9,1,3,0,0,2.45,3.5,2.8,2.25,3.5,3.1,2.4,3.4,2.9,2.5,3.47,2.99,2.45,3.4,2.9,2.38,3.4,3,2.53,3.6,3.1,2.42,3.44,2.93
"19/12/2020","20:00","Newcastle","Fulham",1,1,"D","G Scott",5,4,7,17,1,2,0,1,2.5,3.25,2.9,2.55,3.25,2.85,2.6,3.1,2.85,2.63,3.33,2.93,2.55,3.2,2.88,2.55,3.2,2.88,2.66,3.39,2.96,2.58,3.25,2.87
"20/12/2020","12:00","Brighton","Sheffield United",1,1,"D","P Bankes",5,3,9,11,1,5,0,1,1.65,3.75,5.5,1.72,3.7,5,1.7,3.45,5.5,1.69,3.85,5.79,1.7,3.6,5.5,1.7,3.5,5.75,1.75,3.88,5.79,1.69,3.72,5.43
"20/12/2020","14:15","Tottenham","Leicester",0,2,"A","C Pawson",3,4,15,14,2,2,0,0,2.05,3.5,3.6,2.05,3.5,3.6,2.1,3.25,3.6,2.1,3.54,3.79,2.05,3.4,3.7,2.05,3.5,3.6,2.16,3.79,3.79,2.08,3.48,3.62
"20/12/2020","16:30","Man United","Leeds",6,2,"H","A Taylor",14,3,6,6,1,0,0,0,1.66,4.33,4.5,1.7,4.25,4.4,1.73,3.95,4.3,1.73,4.31,4.66,1.7,4.2,4.5,1.67,4.2,4.75,1.77,4.42,4.75,1.71,4.23,4.49
"20/12/2020","19:15","West Brom","Aston Villa",0,3,"A","M Atkinson",1,10,14,8,1,2,1,0,3.6,3.8,1.95,3.7,3.8,1.95,3.65,3.45,1.97,3.82,3.83,2,3.7,3.6,2,3.7,3.6,2,3.88,3.86,2.06,3.69,3.7,1.99
"21/12/2020","17:30","Burnley","Wolves",2,1,"H","L Mason",4,3,11,15,2,1,0,0,3.5,3.25,2.2,3.6,3.1,2.2,3.55,2.9,2.25,3.73,3.19,2.27,3.6,3.1,2.25,3.7,3,2.25,3.75,3.28,2.32,3.61,3.13,2.23
"21/12/2020","20:00","Chelsea","West Ham",3,0,"H","C Kavanagh",7,0,11,6,0,0,0,0,1.44,5,6.25,1.45,4.75,6.5,1.53,4.3,6,1.52,4.72,6.46,1.47,4.5,6.5,1.45,4.6,7,1.55,5,7,1.49,4.63,6.29
"26/12/2020","12:30","Leicester","Man United",2,2,"D","M Dean",2,4,10,17,2,1,0,0,2.9,3.6,2.3,2.9,3.6,2.35,3,3.3,2.3,3.08,3.67,2.35,3,3.5,2.3,3,3.6,2.3,3.13,3.71,2.42,3.01,3.55,2.32
"26/12/2020","15:00","Aston Villa","Crystal Palace",3,0,"H","A Taylor",10,6,18,16,1,4,1,0,1.9,3.75,3.8,1.95,3.7,3.75,1.95,3.45,3.8,1.95,3.9,3.91,1.95,3.7,3.75,1.91,3.6,4,2.01,3.95,4,1.94,3.75,3.8
"26/12/2020","15:00","Fulham","Southampton",0,0,"D","D England",1,2,15,12,2,0,0,0,3.2,3.3,2.3,3.1,3.3,2.35,3.15,3.1,2.35,3.29,3.42,2.35,3.2,3.3,2.3,3.25,3.4,2.25,3.35,3.48,2.38,3.19,3.32,2.32
"26/12/2020","17:30","Arsenal","Chelsea",3,1,"H","M Oliver",7,3,13,10,2,1,0,0,4,3.6,1.9,4.1,3.5,1.91,3.95,3.35,1.95,4.14,3.73,1.94,4.2,3.5,1.91,4.2,3.6,1.87,4.45,3.75,2.02,4.06,3.59,1.93
"26/12/2020","20:00","Man City","Newcastle",2,0,"H","A Marriner",6,2,5,12,2,2,0,0,1.11,10,19,1.12,9,23,1.12,8.75,20,1.14,9.55,22.92,1.11,9,23,1.1,10,23,1.15,10.25,32,1.12,9.31,23.28
"26/12/2020","20:00","Sheffield United","Everton",0,1,"A","D Coote",2,3,11,10,2,4,0,0,4.2,3.6,1.85,4.33,3.6,1.85,4.1,3.6,1.85,4.26,3.66,1.94,4.2,3.5,1.91,4.4,3.5,1.85,4.4,3.77,1.95,4.2,3.59,1.9
"27/12/2020","12:00","Leeds","Burnley",1,0,"H","R Jones",4,6,8,14,0,3,0,0,1.72,4,4.33,1.72,4,4.5,1.75,3.75,4.4,1.76,4.09,4.71,1.73,4,4.5,1.73,4,4.6,1.82,4.28,4.85,1.75,3.98,4.5
"27/12/2020","14:15","West Ham","Brighton",2,2,"D","S Hooper",4,4,6,8,0,0,0,0,2.3,3.4,3.1,2.35,3.3,3.1,2.4,3.1,3.05,2.42,3.38,3.19,2.38,3.25,3.1,2.3,3.4,3.1,2.43,3.56,3.3,2.37,3.32,3.11
"27/12/2020","16:30","Liverpool","West Brom",1,1,"D","K Friend",2,3,8,5,0,1,0,0,1.11,10,19,1.13,8.75,19.5,1.15,8.5,18,1.14,9.42,22.43,1.12,8.5,21,1.14,8,20,1.15,10.19,26,1.13,9.05,20.61
"27/12/2020","19:15","Wolves","Tottenham",1,1,"D","P Tierney",6,3,20,13,4,1,0,0,3.6,3.25,2.15,3.75,3.25,2.1,3.55,3.05,2.15,3.76,3.37,2.17,3.5,3.2,2.2,3.6,3.25,2.15,3.78,3.46,2.23,3.62,3.28,2.16
"28/12/2020","15:00","Crystal Palace","Leicester",1,1,"D","G Scott",1,3,10,7,0,1,0,0,3.75,3.5,2,3.8,3.6,1.95,3.7,3.5,2,3.95,3.58,2.04,3.9,3.4,2,3.8,3.5,2,3.96,3.66,2.08,3.81,3.52,2.01
"28/12/2020","17:30","Chelsea","Aston Villa",1,1,"D","S Attwell",5,2,16,3,3,1,0,0,1.61,4.2,5,1.67,4.1,4.75,1.7,4.1,4.5,1.71,4.25,4.89,1.7,4,4.75,1.67,4.2,4.75,1.74,4.32,5,1.69,4.18,4.72
"29/12/2020","18:00","Brighton","Arsenal",0,1,"A","M Atkinson",2,3,11,4,2,0,0,0,3.25,3.5,2.2,3.2,3.4,2.25,3.3,3.3,2.25,3.27,3.43,2.35,3.2,3.4,2.25,3.3,3.3,2.25,3.35,3.52,2.39,3.22,3.38,2.29
"29/12/2020","18:00","Burnley","Sheffield United",1,0,"H","C Kavanagh",3,3,13,17,1,2,0,0,2.37,3.1,3.25,2.3,3.2,3.25,2.4,3.05,3.15,2.45,3.2,3.31,2.4,3.1,3.2,2.38,3.1,3.25,2.48,3.25,3.42,2.41,3.15,3.22
"29/12/2020","18:00","Southampton","West Ham",0,0,"D","A Madley",3,3,16,15,3,1,0,0,2.1,3.6,3.4,2.15,3.6,3.25,2.2,3.4,3.25,2.23,3.57,3.4,2.2,3.4,3.3,2.15,3.4,3.4,2.27,3.6,3.52,2.19,3.48,3.33
"29/12/2020","18:00","West Brom","Leeds",0,5,"A","L Mason",1,6,7,10,0,1,0,0,3.6,3.6,2,3.6,3.7,2,3.5,3.65,2,3.72,3.71,2.06,3.6,3.5,2.05,3.5,3.75,2,4.07,3.83,2.12,3.59,3.67,2.03
"29/12/2020","20:00","Man United","Wolves",1,0,"H","J Moss",3,5,11,7,1,1,0,0,1.53,4.2,6.25,1.57,4.2,5.75,1.55,4.2,6,1.53,4.35,5.94,1.55,4,6.5,1.55,4,6.5,1.6,4.52,6.5,1.55,4.21,6.1
"30/12/2020","20:00","Newcastle","Liverpool",0,0,"D","P Tierney",2,4,9,13,2,3,0,0,12,6,1.25,9.25,5.75,1.3,10,6,1.27,9.61,6.09,1.32,11,5.5,1.29,11.5,6,1.25,12,6.5,1.32,9.81,5.93,1.29
"01/01/2021","17:30","Everton","West Ham",0,1,"A","K Friend",2,5,9,7,2,0,0,0,2.1,3.5,3.5,2.15,3.5,3.3,2.15,3.35,3.45,2.19,3.52,3.55,2.15,3.4,3.5,2.1,3.4,3.6,2.22,3.58,3.81,2.15,3.44,3.5
"01/01/2021","20:00","Man United","Aston Villa",2,1,"H","M Oliver",9,5,22,10,4,0,0,0,1.72,4.2,4.2,1.7,4.2,4.5,1.75,3.9,4.4,1.78,4.14,4.52,1.75,4,4.4,1.7,4.1,4.6,1.81,4.35,4.7,1.74,4.14,4.42
"02/01/2021","12:30","Tottenham","Leeds",3,0,"H","D Coote",7,5,15,13,2,1,1,0,1.75,4.1,4.2,1.78,3.9,4.25,1.8,3.9,3.9,1.81,4.13,4.34,1.8,3.9,4.2,1.75,4.1,4.1,1.85,4.28,4.37,1.8,4.05,4.15
"02/01/2021","15:00","Crystal Palace","Sheffield United",2,0,"H","S Attwell",4,2,8,18,1,3,0,0,1.95,3.5,3.9,1.95,3.5,3.9,1.95,3.3,4.1,2.02,3.45,3.84,2,3.3,4,2,3.25,4.1,2.09,3.55,4.1,2.01,3.4,3.93
"02/01/2021","17:30","Brighton","Wolves",3,3,"D","A Madley",4,4,13,8,2,1,0,0,2.62,3.25,2.75,2.6,3.2,2.8,2.6,2.9,2.85,2.68,3.28,2.91,2.7,3.1,2.8,2.7,3,2.9,2.76,3.3,2.92,2.66,3.15,2.85
"02/01/2021","20:00","West Brom","Arsenal",0,4,"A","M Atkinson",3,12,7,4,1,2,0,0,5.75,4,1.57,5.75,4.1,1.57,5.5,3.75,1.63,5.98,4.09,1.63,6.5,4.2,1.53,6,4,1.57,6.5,4.2,1.66,5.78,4.01,1.61
"03/01/2021","14:15","Newcastle","Leicester",1,2,"A","R Jones",2,3,10,11,0,2,0,0,5.25,4.2,1.61,5.25,4.1,1.62,5,3.65,1.7,5.35,3.99,1.7,5.25,3.9,1.65,5.5,3.8,1.65,5.52,4.2,1.72,5.19,3.97,1.67
"03/01/2021","16:30","Chelsea","Man City",1,3,"A","A Taylor",2,6,11,10,3,1,0,0,3,3.7,2.2,3,3.7,2.25,2.95,3.4,2.3,2.95,3.67,2.4,3.1,3.5,2.25,3.1,3.7,2.2,3.2,3.8,2.36,3.01,3.66,2.24
"04/01/2021","20:00","Southampton","Liverpool",1,0,"H","A Marriner",3,1,5,12,1,3,0,0,5,4.33,1.61,4.75,4.25,1.65,4.8,3.9,1.65,5.03,4.44,1.67,5,4.2,1.63,5,4.1,1.65,5.1,4.5,1.7,4.89,4.24,1.65
"12/01/2021","18:00","Sheffield United","Newcastle",1,0,"H","A Madley",4,3,13,12,2,3,0,1,2.45,3.1,3.1,2.45,3.1,3.1,2.5,3.05,3.1,2.53,3.18,3.2,2.45,3.1,3.1,2.45,3,3.25,2.58,3.24,3.25,2.49,3.11,3.13
"12/01/2021","20:15","Burnley","Man United",0,1,"A","K Friend",0,7,15,13,1,2,0,0,7,4.5,1.45,7.25,4.5,1.45,6.6,4.5,1.48,7.33,4.66,1.48,7,4.33,1.47,7.5,4.5,1.44,7.7,4.7,1.52,7.03,4.56,1.47
"12/01/2021","20:15","Wolves","Everton",1,2,"A","M Atkinson",3,3,6,11,2,2,0,0,2.45,3.1,3.1,2.45,3.1,3.1,2.5,3.05,3.05,2.56,3.18,3.15,2.45,3.1,3.1,2.45,3.1,3.1,2.62,3.22,3.2,2.5,3.12,3.1
"13/01/2021","18:00","Man City","Brighton",1,0,"H","D England",6,1,4,12,0,2,0,0,1.14,8.5,16,1.2,6.75,14.5,1.18,7.4,14,1.19,7.61,16.97,1.17,7,19,1.15,7.5,19,1.21,8.5,19,1.18,7.48,15.78
"13/01/2021","20:15","Tottenham","Fulham",1,1,"D","P Tierney",6,4,13,15,1,2,0,0,1.36,5,8.5,1.4,4.75,8,1.42,4.8,7.2,1.36,4.97,8.16,1.4,4.75,8,1.4,4.75,8,1.43,5.3,8.75,1.4,4.91,7.98
"14/01/2021","20:00","Arsenal","Crystal Palace",0,0,"D","A Marriner",4,2,10,11,1,1,0,0,1.53,4,6.5,1.55,4,6.5,1.55,4.1,6,1.58,4.18,6.55,1.55,4,6.5,1.53,4.1,6.5,1.61,4.25,7,1.55,4.1,6.37
"16/01/2021","12:30","Wolves","West Brom",2,3,"A","M Oliver",6,5,10,14,2,1,0,0,1.6,3.5,7,1.6,3.6,6.75,1.6,3.7,6.2,1.63,3.7,7.07,1.6,3.5,7,1.6,3.7,6.5,1.65,3.92,7.14,1.61,3.67,6.71
"16/01/2021","15:00","Leeds","Brighton",0,1,"A","K Friend",2,2,8,9,1,1,0,0,2.1,3.5,3.4,2.15,3.5,3.3,2.15,3.55,3.3,2.18,3.67,3.43,2.15,3.5,3.3,2.15,3.6,3.3,2.24,3.72,3.45,2.17,3.57,3.31
"16/01/2021","15:00","West Ham","Burnley",1,0,"H","C Kavanagh",4,2,12,9,2,1,0,0,1.8,3.5,4.75,1.8,3.6,4.6,1.83,3.5,4.6,1.85,3.57,4.88,1.83,3.4,4.75,1.8,3.5,4.75,1.91,3.74,5,1.84,3.49,4.69
"16/01/2021","17:30","Fulham","Chelsea",0,1,"A","P Bankes",3,6,11,10,2,3,1,0,6.5,4.33,1.5,6.75,4.1,1.53,5.8,4.25,1.55,6.81,4.17,1.56,6.5,4.2,1.53,6.5,4.1,1.53,7,4.44,1.6,6.3,4.21,1.55
"16/01/2021","20:00","Leicester","Southampton",2,0,"H","S Attwell",5,3,10,11,2,2,0,0,1.8,3.75,4.5,1.78,3.75,4.5,1.8,3.7,4.5,1.8,3.69,4.52,1.78,3.6,4.8,1.8,3.7,4.6,1.85,3.91,5.05,1.8,3.72,4.58
"17/01/2021","14:00","Sheffield United","Tottenham",1,3,"A","A Marriner",5,5,13,4,4,0,0,0,6.25,3.75,1.6,6.5,3.8,1.57,5.6,3.75,1.65,6.1,3.73,1.68,6.5,3.6,1.63,6,3.8,1.62,6.5,3.91,1.7,5.96,3.73,1.65
"17/01/2021","16:30","Liverpool","Man United",0,0,"D","P Tierney",3,4,15,6,2,1,0,0,1.95,3.8,3.6,2,3.8,3.5,1.95,3.8,3.65,1.98,4,3.71,1.95,3.8,3.6,1.95,3.75,3.7,2.02,4.1,3.76,1.97,3.84,3.65
"17/01/2021","19:15","Man City","Crystal Palace",4,0,"H","L Mason",6,0,9,8,0,0,0,0,1.14,8.5,17,1.17,7.75,14.5,1.18,7.2,15.5,1.18,7.87,18.27,1.17,7.5,17,1.14,8,19,1.19,8.6,21,1.17,7.67,17.03
"18/01/2021","20:00","Arsenal","Newcastle",3,0,"H","D Coote",6,1,9,8,0,0,0,0,1.4,4.5,8,1.45,4.6,7,1.45,4.55,7,1.45,4.73,7.98,1.42,4.5,8,1.44,4.5,8,1.47,4.85,8.2,1.44,4.61,7.54
"19/01/2021","18:00","West Ham","West Brom",2,1,"H","G Scott",6,2,10,10,0,1,0,0,1.57,4.2,5.5,1.57,4,6,1.6,3.9,5.7,1.58,4.23,6.35,1.57,3.9,6.5,1.55,4,6.5,1.62,4.26,6.59,1.58,4.08,6.09
"19/01/2021","20:15","Leicester","Chelsea",2,0,"H","C Pawson",6,5,7,16,1,3,0,0,2.87,3.4,2.45,2.85,3.4,2.45,2.85,3.35,2.45,2.92,3.49,2.55,3,3.4,2.4,2.8,3.4,2.5,3.04,3.55,2.58,2.9,3.41,2.49
"20/01/2021","18:00","Man City","Aston Villa",2,0,"H","J Moss",9,4,10,9,0,2,0,0,1.22,6.5,12,1.25,6.25,11.5,1.27,6,10,1.24,6.1,11.61,1.25,6,12,1.25,6,12,1.29,6.75,13,1.25,6.21,11.36
"20/01/2021","20:15","Fulham","Man United",1,2,"A","M Atkinson",5,5,6,10,3,1,0,0,6,4.33,1.53,5.75,4.33,1.55,5.8,4.25,1.55,6.32,4.41,1.56,6.5,4.2,1.53,6.5,4.2,1.53,6.5,4.54,1.59,6.05,4.31,1.55
"21/01/2021","20:00","Liverpool","Burnley",0,1,"A","M Dean",6,4,11,8,2,1,0,0,1.18,7.5,15,1.17,7.5,15.5,1.21,6.6,13.5,1.21,7.24,15.81,1.18,7,17,1.18,7,17,1.23,8,17.75,1.2,7.05,14.89
"23/01/2021","20:00","Aston Villa","Newcastle",2,0,"H","S Hooper",5,1,9,18,0,3,0,0,1.45,4.75,6.5,1.48,4.75,6,1.5,4.5,6.25,1.52,4.68,6.46,1.5,4.4,6.5,1.5,4.33,6.5,1.55,4.75,6.8,1.5,4.53,6.37
"26/01/2021","18:00","Crystal Palace","West Ham",2,3,"A","S Attwell",3,7,9,8,0,0,0,0,3.1,3.25,2.37,3.1,3.25,2.4,3.15,3.2,2.35,3.21,3.32,2.44,3.2,3.3,2.3,3.13,3.2,2.4,3.27,3.4,2.5,3.16,3.27,2.39
"26/01/2021","18:00","Newcastle","Leeds",1,2,"A","A Taylor",5,2,10,15,1,3,0,0,3.9,3.8,1.85,3.75,3.8,1.91,3.8,3.8,1.9,3.92,3.89,1.95,3.7,3.7,1.95,3.9,3.75,1.9,3.97,4,2,3.83,3.83,1.93
"26/01/2021","20:15","Southampton","Arsenal",1,3,"A","K Friend",5,5,11,6,1,2,0,0,3.5,3.6,2.05,3.5,3.6,2.05,3.45,3.6,2.05,3.59,3.69,2.11,3.5,3.6,2.05,3.5,3.6,2.05,3.62,3.73,2.18,3.49,3.6,2.09
"26/01/2021","20:15","West Brom","Man City",0,5,"A","C Kavanagh",1,7,8,8,2,0,0,0,15,7.5,1.18,16,7.25,1.18,15,6.75,1.2,15.82,7.25,1.21,12,7,1.22,18,7,1.18,18,7.5,1.23,15.44,7.06,1.2
"27/01/2021","18:00","Burnley","Aston Villa",3,2,"H","P Tierney",5,10,16,7,1,0,0,0,3.8,3.5,1.95,3.8,3.5,2,3.85,3.55,1.95,4.01,3.65,2,3.9,3.4,2,3.8,3.5,2,4.03,3.69,2.06,3.84,3.53,2
"27/01/2021","18:00","Chelsea","Wolves",0,0,"D","A Madley",5,0,14,7,1,1,0,0,1.6,4.2,5.25,1.6,4.1,5.5,1.63,3.95,5.5,1.63,4.26,5.68,1.6,4,5.8,1.6,3.9,6,1.69,4.3,6,1.62,4.08,5.53
"27/01/2021","19:30","Brighton","Fulham",0,0,"D","C Pawson",5,3,10,14,2,1,0,0,2.05,3.4,3.75,2.1,3.4,3.6,2.05,3.3,3.85,2.07,3.47,3.96,2.05,3.3,3.8,2.05,3.3,3.8,2.14,3.56,4,2.06,3.38,3.82
"27/01/2021","20:15","Everton","Leicester",1,1,"D","M Dean",2,6,12,10,1,1,0,0,2.8,3.3,2.55,2.85,3.3,2.55,2.8,3.2,2.6,2.92,3.26,2.68,2.8,3.2,2.6,2.8,3.25,2.6,2.94,3.4,2.71,2.83,3.25,2.61
"27/01/2021","20:15","Man United","Sheffield United",1,2,"A","P Bankes",4,3,10,12,1,1,0,0,1.25,6,11,1.26,6,11,1.3,6,9,1.29,6.21,11.4,1.27,5.8,11,1.29,5.5,12,1.32,6.3,12,1.28,5.94,10.6
"28/01/2021","20:00","Tottenham","Liverpool",1,3,"A","M Atkinson",2,7,9,11,1,2,0,0,3.2,3.6,2.2,3.1,3.7,2.2,3.2,3.5,2.2,3.33,3.61,2.25,3.2,3.4,2.25,3.25,3.5,2.2,3.45,3.73,2.3,3.22,3.54,2.22
"30/01/2021","12:30","Everton","Newcastle",0,2,"A","S Attwell",3,3,13,6,3,4,0,0,1.55,4,6.5,1.55,4,6.5,1.6,3.9,6,1.61,4.03,6.49,1.57,3.9,6.5,1.57,3.9,6.5,1.63,4.18,6.7,1.59,3.95,6.27
"30/01/2021","15:00","Crystal Palace","Wolves",1,0,"H","S Hooper",2,4,7,10,1,2,0,0,2.87,3.2,2.55,2.9,3.1,2.6,2.95,3.05,2.6,3.05,3.15,2.65,2.88,3.1,2.62,3,3,2.6,3.09,3.26,2.72,2.96,3.1,2.61
"30/01/2021","15:00","Man City","Sheffield United",1,0,"H","D Coote",5,1,7,10,0,3,0,0,1.12,9,18,1.14,8,19.5,1.12,8.5,23,1.13,9.43,26.18,1.14,8,21,1.13,9,21,1.16,9.6,27,1.13,8.75,21.73
"30/01/2021","15:00","West Brom","Fulham",2,2,"D","A Taylor",3,7,9,10,1,0,0,0,3.3,3.2,2.3,3.3,3.2,2.3,3.3,3.2,2.3,3.43,3.26,2.36,3.3,3.1,2.35,3.3,3.2,2.3,3.45,3.27,2.44,3.33,3.19,2.32
"30/01/2021","17:30","Arsenal","Man United",0,0,"D","M Oliver",3,3,9,16,1,3,0,0,2.8,3.5,2.45,2.9,3.25,2.5,2.85,3.4,2.5,2.93,3.46,2.55,2.8,3.5,2.45,2.8,3.4,2.5,2.98,3.65,2.62,2.86,3.4,2.51
"30/01/2021","20:00","Southampton","Aston Villa",0,1,"A","L Mason",5,4,12,11,1,0,0,0,2.8,3.6,2.37,2.8,3.6,2.4,2.85,3.55,2.4,2.9,3.73,2.44,2.88,3.5,2.38,2.88,3.5,2.4,2.98,3.76,2.52,2.86,3.59,2.41
"31/01/2021","12:00","Chelsea","Burnley",2,0,"H","G Scott",8,0,7,9,0,1,0,0,1.33,5,9.5,1.33,5.25,9,1.33,5.25,9.5,1.36,5.25,10.02,1.33,5,10,1.33,5.25,9,1.38,5.5,10.5,1.34,5.15,9.64
"31/01/2021","14:00","Leicester","Leeds",1,3,"A","C Kavanagh",8,7,17,16,0,3,0,0,1.8,4,4.2,1.83,4,3.9,1.8,3.95,4.1,1.81,4.18,4.27,1.85,3.8,4,1.8,3.9,4.2,1.88,4.2,4.3,1.82,4.02,4.11
"31/01/2021","16:30","West Ham","Liverpool",1,3,"A","J Moss",2,5,7,8,2,0,0,0,4.33,4,1.75,4.25,3.9,1.78,4.5,3.8,1.77,4.65,4.1,1.77,4.5,3.9,1.75,4.33,3.8,1.8,4.7,4.27,1.82,4.39,3.99,1.77
"31/01/2021","19:15","Brighton","Tottenham",1,0,"H","P Bankes",5,4,11,11,2,1,0,0,3.2,3.4,2.25,3.1,3.3,2.35,3.2,3.3,2.3,3.18,3.46,2.39,3.1,3.25,2.38,3.1,3.25,2.38,3.2,3.52,2.44,3.12,3.36,2.35
"02/02/2021","18:00","Sheffield United","West Brom",2,1,"H","P Tierney",6,4,11,9,2,1,0,0,2,3.3,4,1.95,3.3,4.2,2.1,3.2,3.85,2.11,3.33,4.03,1.95,3.3,4.2,2.05,3.2,4,2.14,3.48,4.3,2.05,3.3,3.99
"02/02/2021","18:00","Wolves","Arsenal",2,1,"H","C Pawson",7,3,11,8,3,2,0,2,3.6,3.3,2.1,3.6,3.25,2.15,3.6,3.2,2.15,3.71,3.36,2.2,3.6,3.25,2.15,3.7,3.2,2.15,3.75,3.46,2.22,3.63,3.29,2.17
"02/02/2021","20:15","Man United","Southampton",9,0,"H","M Dean",14,1,11,6,2,3,0,2,1.4,4.75,7,1.45,4.6,7,1.45,4.8,6.5,1.46,4.81,7.59,1.42,4.5,8,1.4,4.8,7.5,1.49,4.93,8.3,1.44,4.73,7.22
"02/02/2021","20:15","Newcastle","Crystal Palace",1,2,"A","D England",5,3,14,11,1,3,0,0,2.8,3.2,2.6,2.8,3.2,2.6,2.9,3.1,2.6,3.01,3.16,2.68,2.8,3.2,2.6,2.9,3.13,2.6,3.02,3.35,2.72,2.91,3.15,2.63
"03/02/2021","18:00","Burnley","Man City",0,2,"A","M Atkinson",0,6,8,5,2,1,0,0,13,7,1.2,13.5,6.5,1.22,14,6.25,1.22,14.8,6.57,1.23,15,6.5,1.2,13,7,1.2,17.5,7.1,1.24,14.33,6.54,1.22
"03/02/2021","18:00","Fulham","Leicester",0,2,"A","R Jones",1,5,17,10,3,1,0,0,4,3.5,1.9,4.1,3.5,1.91,3.95,3.45,1.97,4.12,3.56,2,4,3.5,1.95,4.1,3.4,1.95,4.17,3.72,2.04,4,3.49,1.97
"03/02/2021","19:30","Leeds","Everton",1,2,"A","M Oliver",7,6,12,12,2,3,0,0,2.5,3.5,2.7,2.35,3.75,2.8,2.45,3.55,2.75,2.51,3.71,2.82,2.45,3.6,2.75,2.45,3.6,2.75,2.58,3.84,2.83,2.47,3.63,2.75
"03/02/2021","20:15","Aston Villa","West Ham",1,3,"A","A Madley",2,10,11,15,1,1,0,0,2.2,3.4,3.25,2.15,3.4,3.4,2.2,3.45,3.3,2.23,3.5,3.46,2.2,3.3,3.4,2.15,3.5,3.3,2.28,3.59,3.48,2.21,3.43,3.33
"03/02/2021","20:15","Liverpool","Brighton",0,1,"A","K Friend",1,4,12,6,1,0,0,0,1.33,5.25,9,1.34,5.5,8,1.33,5.25,9,1.37,5.5,8.87,1.36,5,8.5,1.36,5,9,1.41,5.55,9,1.36,5.23,8.38
"04/02/2021","20:00","Tottenham","Chelsea",0,1,"A","A Marriner",2,2,20,14,2,3,0,0,3.5,3.4,2.1,3.6,3.4,2.1,3.45,3.4,2.15,3.58,3.52,2.18,3.4,3.4,2.15,3.4,3.4,2.15,3.64,3.58,2.25,3.48,3.43,2.16
"06/02/2021","12:30","Aston Villa","Arsenal",1,0,"H","C Kavanagh",8,3,12,12,3,2,0,0,2.62,3.5,2.6,2.6,3.6,2.6,2.75,3.45,2.55,2.84,3.51,2.6,2.7,3.5,2.55,2.55,3.6,2.6,2.87,3.66,2.65,2.74,3.47,2.56
"06/02/2021","15:00","Burnley","Brighton",1,1,"D","A Taylor",7,2,8,10,2,0,0,0,3.6,3.1,2.2,3.5,3.2,2.2,3.6,3.1,2.2,3.74,3.21,2.26,3.6,3.2,2.2,3.6,3.13,2.2,3.75,3.37,2.3,3.58,3.17,2.22
"06/02/2021","15:00","Newcastle","Southampton",3,2,"H","C Pawson",4,5,11,14,2,1,1,0,3,3.3,2.4,3,3.2,2.45,2.95,3.25,2.45,3.06,3.32,2.54,2.88,3.3,2.5,2.9,3.3,2.5,3.15,3.34,2.62,2.99,3.27,2.47
"06/02/2021","17:30","Fulham","West Ham",0,0,"D","M Dean",2,1,11,10,1,2,0,1,3.6,3.5,2.05,3.6,3.4,2.1,3.55,3.45,2.1,3.66,3.56,2.13,3.5,3.5,2.1,3.6,3.4,2.1,3.75,3.62,2.16,3.57,3.46,2.1
"06/02/2021","20:00","Man United","Everton",3,3,"D","J Moss",5,3,14,10,2,1,0,0,1.53,4.2,6,1.53,4.2,6.25,1.57,4.3,5.75,1.57,4.35,6.22,1.55,4.2,6,1.55,4.2,6,1.6,4.5,6.65,1.56,4.26,5.99
"07/02/2021","12:00","Tottenham","West Brom",2,0,"H","S Attwell",6,1,16,12,1,2,0,0,1.45,4.5,7,1.48,4.33,7,1.45,4.6,7,1.47,4.58,7.81,1.44,4.4,7.5,1.44,4.5,7.5,1.5,4.73,8,1.46,4.51,7.23
"07/02/2021","14:00","Wolves","Leicester",0,0,"D","M Atkinson",1,3,11,15,1,3,0,0,3.5,3.4,2.1,3.4,3.4,2.15,3.5,3.3,2.15,3.63,3.49,2.17,3.4,3.3,2.2,3.6,3.25,2.15,3.7,3.5,2.22,3.52,3.37,2.16
"07/02/2021","16:30","Liverpool","Man City",1,4,"A","M Oliver",3,5,13,8,2,1,0,0,3.4,3.6,2.05,3.4,3.7,2.05,3.4,3.4,2.2,3.44,3.7,2.17,3.4,3.6,2.1,3.4,3.6,2.1,3.54,3.78,2.2,3.37,3.63,2.12
"07/02/2021","19:15","Sheffield United","Chelsea",1,2,"A","K Friend",3,3,8,8,1,0,0,0,7,4.5,1.45,7.25,4.1,1.5,7,4.4,1.47,7.64,4.46,1.49,7,4.2,1.5,7.5,4.33,1.45,7.8,4.75,1.52,7.18,4.38,1.48
"08/02/2021","20:00","Leeds","Crystal Palace",2,0,"H","A Marriner",7,3,7,8,0,2,0,0,1.8,3.8,4.2,1.85,3.8,4.1,1.85,3.8,3.95,1.88,3.93,4.24,1.85,3.8,4,1.85,3.8,4.1,1.93,4.08,4.3,1.86,3.82,4.06
"13/02/2021","12:30","Leicester","Liverpool",3,1,"H","A Taylor",6,4,9,6,1,2,0,0,3.5,3.4,2.1,3.6,3.5,2.05,3.4,3.45,2.15,3.5,3.53,2.2,3.4,3.4,2.15,3.5,3.5,2.1,3.6,3.66,2.24,3.45,3.49,2.14
"13/02/2021","15:00","Crystal Palace","Burnley",0,3,"A","M Oliver",3,4,15,14,0,0,0,0,2.37,3.1,3.2,2.3,3.2,3.3,2.4,3.05,3.2,2.54,3.18,3.19,2.4,3.1,3.2,2.38,3.1,3.25,2.54,3.32,3.35,2.42,3.11,3.22
"13/02/2021","17:30","Man City","Tottenham",3,0,"H","P Tierney",6,3,12,13,1,3,0,0,1.28,5.75,9.5,1.33,5.5,8.75,1.33,5.25,8.75,1.35,5.91,8.75,1.33,5.5,8.5,1.33,5.5,8.5,1.37,6.1,9.5,1.33,5.56,8.65
"13/02/2021","20:00","Brighton","Aston Villa",0,0,"D","D England",9,1,16,12,2,3,0,0,2.7,3.5,2.5,2.75,3.4,2.55,2.75,3.4,2.55,2.85,3.51,2.59,2.8,3.3,2.55,2.7,3.4,2.6,2.88,3.55,2.64,2.77,3.4,2.56
"14/02/2021","12:00","Southampton","Wolves",1,2,"A","G Scott",3,4,10,9,2,2,0,0,2.37,3.2,3.1,2.45,3.2,3,2.4,3.2,3.1,2.44,3.28,3.25,2.45,3.1,3.1,2.45,3.13,3.1,2.56,3.36,3.28,2.42,3.21,3.12
"14/02/2021","14:00","West Brom","Man United",1,1,"D","C Pawson",3,7,13,10,5,0,0,0,10,5.5,1.3,8.5,5.25,1.35,8.75,5.5,1.33,9.65,5.71,1.34,9.5,5.5,1.32,10,5.5,1.3,10,6,1.35,9.19,5.52,1.33
"14/02/2021","16:30","Arsenal","Leeds",4,2,"H","S Attwell",5,5,8,17,0,2,0,0,1.83,3.8,4,1.85,3.8,4,1.9,3.8,3.85,1.93,3.79,4.1,1.88,3.7,4,1.87,3.8,4,1.96,3.92,4.11,1.89,3.77,3.98
"14/02/2021","19:00","Everton","Fulham",0,2,"A","A Madley",2,3,7,16,1,1,0,0,1.85,3.6,4.2,1.9,3.5,4.2,1.95,3.5,4,1.96,3.61,4.24,1.91,3.5,4.2,1.91,3.5,4.2,1.98,3.74,4.24,1.93,3.53,4.09
"15/02/2021","18:00","West Ham","Sheffield United",3,0,"H","S Hooper",9,5,11,12,0,2,0,0,1.66,3.75,5.25,1.72,3.75,5,1.73,3.65,5,1.75,3.82,5.26,1.73,3.7,5,1.7,3.7,5.25,1.79,3.9,5.32,1.73,3.74,5.04
"15/02/2021","20:00","Chelsea","Newcastle",2,0,"H","P Bankes",5,4,9,13,0,0,0,0,1.22,6.5,12,1.22,6.75,12,1.25,6.25,13,1.26,6.85,11.46,1.25,6,12,1.29,5.5,11.5,1.29,6.9,13.75,1.24,6.36,11.97
